title,selftext,score,url,sentiment,confidence,emotion,emotion_score
"Daily Discussion Thread for August 29, 2025",This post contains content not supported on old Reddit. [Click here to view the full post](https://sh.reddit.com/r/wallstreetbets/comments/1n33a5x),174,https://www.reddit.com/r/wallstreetbets/comments/1n33a5x/daily_discussion_thread_for_august_29_2025/,POSITIVE,0.5236759185791016,neutral,0.7728949785232544
Weekly Earnings Thread 9/1 - 9/5,,29,https://i.redd.it/huablcl2oylf1.jpeg,NEGATIVE,0.8603439927101135,neutral,0.6338567733764648
"Not like this, DUOL",DUOL puts seem to be the only rational option at this point...,788,https://i.redd.it/t0k4qp2meylf1.png,NEGATIVE,0.9849923849105835,disgust,0.5820726156234741
Alibaba unveils homegrown AI chip to replace Nvidia‚Äôs H20 in China,"No paywall: https://finance.yahoo.com/news/chinas-alibaba-develops-ai-chip-090846681.html

(Reuters) -China's Alibaba has developed a new chip that is more versatile than its older chips and is meant to serve a broader range of AI inference tasks, the Wall Street Journal reported on Friday, citing people familiar with the matter.

The chip, now in testing, is manufactured by a Chinese company, in contrast to an earlier Alibaba AI processor that was fabricated by Taiwan Semiconductor Manufacturing, the report said.

Alibaba did not immediately respond to a Reuters request for comment.

Chinese tech and AI companies have been focusing heavily on homegrown technology at a time when leading AI chip giant Nvidia (NVDA) has faced regulatory issues in selling its products in the country.

Nvidia's H20 chip, the most powerful AI processor it is allowed to sell in China, was effectively blocked from sale in the market earlier this year by the Trump administration.

While the U.S. last month allowed Nvidia to resume sales of H20 to China, Chinese firms have been working on processors that could substitute H20. Beijing has also put pressure on tech giants, including Alibaba and ByteDance, over purchases of the H20 chip.

Nvidia developed the H20 specifically for China following U.S. export restrictions on its other AI processors in 2023. The H20 does not have as much computing power as Nvidia's H100 or its Blackwell series.

Alibaba is China's biggest cloud-computing company and is among the top customers of Nvidia.

Separately, on Friday, the company reported a 26% jump in revenue in its cloud computing segment for the April-June quarter, beating market estimates, on the back of solid demand.",770,https://www.reddit.com/r/wallstreetbets/comments/1n350ak/alibaba_unveils_homegrown_ai_chip_to_replace/,POSITIVE,0.9918155074119568,neutral,0.7805211544036865
Built Different,,41300,https://i.redd.it/4hcx30lv7tlf1.jpeg,POSITIVE,0.9971421360969543,neutral,0.9122618436813354
"Thank you OPEN, very cool. (6k -> 31k)",100x 1.5c for Jan 2027 purchased two days before the action. Sold along the way up and almost perfectly timed the top for the final sales. Pure luck üòé,138,https://www.reddit.com/gallery/1n37txr,POSITIVE,0.9998353719711304,joy,0.522109866142273
No one does any 0dte full ports anymore,"I saw it in the bones. In the tea leaves. Oracles told me to say fuck it and full port. Left before the retarded V we all know is coming. The winning strategy here is waking up and knowing that you are either eating a 9mm or a fat juicy steak at the end of the day.


Tl:dr- FUCK YOU ",97,https://www.reddit.com/gallery/1n39s9r,NEGATIVE,0.9993127584457397,neutral,0.8833838105201721
thanks $IREN $440k gain,,85,https://www.reddit.com/gallery/1n38sd7,POSITIVE,0.9796827435493469,surprise,0.4743545949459076
Sheeeeesh,"Got cooked about a year and a half ago, I loved the idea of the stock but it‚Äôs done nothing but fall and fall. Also lost about 12k in options. I‚Äôm 21 so I‚Äôm not completely screwed but I will never touch an option again and today is the last day I will be averaging down. I scrap copper all the time cause I‚Äôm an electrician, co workers call me scrappy dick cause I scrap ALL and any copper, just another reason I really liked the stock. Here‚Äôs to a new chapter healthy investing.",62,https://www.reddit.com/gallery/1n39ktf,POSITIVE,0.6943076252937317,neutral,0.4268684685230255
$300->$49k since 7/7/25,Only buying and selling options contracts. Was down over 30k all time and recently made the comeback of a lifetime. Change my trading style never hold over night and securing smaller gains consistently. Positions on second page,3273,https://www.reddit.com/gallery/1n2gqki,NEGATIVE,0.9922389984130859,neutral,0.684126079082489
Locked in,,36380,https://i.redd.it/dnh16mvtbplf1.jpeg,POSITIVE,0.9947652816772461,neutral,0.831739604473114
It seems this is the end of the line for me,"The market gave plenty of opportunities during this time, but impatience, lack of knowledge, and hastiness drained me. Day trading especially took the life out of me. It was a long run with ups and days where I made profit, but each gain was followed by even larger losses, and each spike no matter how long it lasted lead up to a larger fall üíî. ",1272,https://i.redd.it/181qf8l21tlf1.jpeg,NEGATIVE,0.9980363249778748,neutral,0.8284618854522705
"Nvidia, Google, and Bill Gates help Commonwealth Fusion Systems raise $863M",,161,https://finance.yahoo.com/news/nvidia-google-bill-gates-help-202530772.html,POSITIVE,0.9895288348197937,joy,0.5145981907844543
Thanks Elon,"after the last few weeks I‚Äôve had, this is nice. Gonna just log off before I give it all back. Don‚Äôt forget guys, piggies get fat and rich, but mostly get slaughtered. 

Even though tsla will close today at 330",25,https://i.redd.it/pnlcheinyylf1.jpeg,POSITIVE,0.9998427629470825,neutral,0.7771748304367065
282K NVDL YOLO,,70,https://i.redd.it/pa7gdtodtwlf1.jpeg,NEGATIVE,0.9254192113876343,neutral,0.8555602431297302
Google deez nuts,,734,https://i.redd.it/4n6y11vxwslf1.jpeg,NEGATIVE,0.9536155462265015,neutral,0.9025912284851074
218k SOUN yolo,SOUN to the moon boys ,158,https://i.redd.it/07hcnac7avlf1.jpeg,NEGATIVE,0.9057531952857971,neutral,0.8905492424964905
Managed to actually hold leaps long enough for one to get to long term gains. ($SOFI +600%),Just closed them out to find another play.,1102,https://i.redd.it/3o7sopyrprlf1.jpeg,POSITIVE,0.9744253754615784,neutral,0.9532099366188049
-5K Carvana Puts,Ernie got me again! Will be back with vengeance.  Insiders have sold more in the last 30 days than their quarterly income. Self dealing scum. ,190,https://i.redd.it/gobfji551ulf1.jpeg,NEGATIVE,0.5912717580795288,sadness,0.6396445035934448
It would be NVDA,,9301,https://i.redd.it/yehnfruftnlf1.jpeg,NEGATIVE,0.9903961420059204,neutral,0.9457295536994934
"What Are Your Moves Tomorrow, August 29, 2025",This post contains content not supported on old Reddit. [Click here to view the full post](https://sh.reddit.com/r/wallstreetbets/comments/1n2mikq),220,https://www.reddit.com/r/wallstreetbets/comments/1n2mikq/what_are_your_moves_tomorrow_august_29_2025/,POSITIVE,0.9957386255264282,neutral,0.7704199552536011
555% for the month üòÖ,Still at it with these crazy swings!!! Today‚Äôs play was QQQ calls,371,https://www.reddit.com/gallery/1n2hhar,POSITIVE,0.8482394218444824,neutral,0.7453678250312805
39k Affirm Yolo.,$91 in After Hours. 500 shares and 7 contracts expiring Sep 19 $88 strike. ,97,https://i.redd.it/lxgkddiagulf1.png,POSITIVE,0.9973028898239136,neutral,0.8303641676902771
"Ormat technologies (ORA) has the macro, the micro, and the management to scale rapidly.","Ormat Technologies (ORA) has the macro, the micro, and the management to grow rapidly.

Ormat is a geothermal company that does everything in house.  They find geothermal deposits, build the power plants using equipment they built themselves, and then operate the power plants.  As of writing, they have around 2 gigawatts of production spread across the globe, only 10% of which is in the US.  That number is going to get a whole hell of a lot larger.  I'm sure you can guess at least part of the reason why.

It's AI. AI requires power, geothermal is baseload power that isn't vulnerable to fuel price fluctuations, yadda yadda, you heard this 50 gorillian times before.  What you probably haven't heard is the tax incentives.  The big beautiful bill extended the tax credit for geothermal power out to 2032 and reinstated 100% bonus depreciation.  Combined, any geothermal plant built before 2032 will get 50% of the capex back in tax incentives.  Then, once the plant is operational, they can deduct 15% of their net income because of percentage depletion (another tax thing).  That's great an all, but that doesn't solve geothermal's fundamental problem with scaling.  Geothermal plants can only be built in certain areas, and all the money in the world won't change that.  Well, that's where enhanced geothermal energy comes in.  Enhanced geothermal energy is pretty much the geothermal equivalent of fracking, and allows for geothermal plants to be built almost anywhere.  The tech for that is still new, but enhanced geothermal plants have been built and run successfully, allowing geothermal to scale beyond it's previous constraints.

So why geothermal instead of nuclear?  Firstly, they aren't mutually exclusive, but there are some reasons to choose geothermal.  It isn't reliant on uranium prices, which as all the regards in UUUU should know are prone to wild fluctuations.  A fuel source that can go from 20 dollars a pound to 100 dollars a pound in 7 years obviously isn't great when trying to determine how feasible a project is.  Then, there's the construction time.  Geothermal plants take about 2 years to build and, after some fresh legislation, take about a month or two.  Nuclear plants take about twice the time to build, and roughly the same amount of time to permit.  Then there's the stigma of nuclear, which geothermal doesn't really have.  For AI companies scrambling to grow as fast as possible those 2 years and no worry of NIMBYism will make a large difference.  

So that's geothermal as a whole, but why Ormat in particular?  Ormat is one of if not the largest geothermal companies, with 50 years of experience and around 1.5 gigawatts of power production spread across six continents and 30 countries. They are completely vertically integrated, prospecting, building, and operating their plants using equipment they built themselves.  That last part is particularly important, as Ormat also sells their equipment to other geothermal companies, and stand to benefit from the tariffs making Chinese drilling equipment uneconomical.  Other geothermal companies will be left with the choice of starting their own equipment manufacturing wing, buying from Ormat, or paying extra for Chinese stuff.  Whatever they chose, Ormat benefits, either by gaining market share from competitors delaying their projects, spending more on their projects, or by getting more sales.  Ormat also has a energy storage division, and energy storage is rather important for when energy demand fluctuates.  All of this combines to create a golden opportunity, an opportunity Ormat's management is pouncing on.

Ormat has radically increased the rate that they are issuing debt and spending on capex.  Because geothermal is such a stable industry, they can get cheap debt and have a WACC of 4.95%.  They've also made some new hires, most notable of which is Daniel Moelk.  He was appointed senior vice president and brings experience with enhanced geothermal energy.  

TLDR: AI means more energy demand, enhanced geothermal energy means geothermal can scale now, there's a shit ton of tax incentives, and Ormat can and is taking advantage of all three.

",7,https://i.redd.it/norqdf9qvylf1.jpeg,POSITIVE,0.9986003041267395,neutral,0.9334496855735779
I‚Äôm not selling $AMZN . Let it ride üöÄ,High risk high reward .,93,https://i.redd.it/k7msffp6ztlf1.jpeg,NEGATIVE,0.9994739890098572,neutral,0.9285882115364075
$SNOW YOLO - üçªüçæü•Ç,"Another day, another YOLO. Full port into $SNOW 15 min before close yesterday. Worked out. Walked away with $185K ++

Earnings season has been wild: $PLTR, $SHOP, $SOUN, $PANW, $TMC, $OPEN, $ACHR.

This sub is my safe haven. I do get some random random DMs calling me ‚Äúregard‚Äù ‚Äî that doesn‚Äôt really bother me - I end up chatting with most of them. However what does piss me off and bother me is when people close to me, particularly people I actually know, like friends - call me ‚Äúlucky.‚Äù Instead I would have been fairly happy if they can just said ‚Äúcongrats and f*ck you!‚Äù

Like‚Ä¶ in my opinion everything - I mean EVERYTHING is f‚Äôking luck. Born human instead of a pig = luck. Born in a family that feeds you 3 meals a day instead of starving = luck. Being alive today and the fact I woke up alive this morning = luck‚Ä¶

Luck is f‚Äôking everything(well at-least most things that ain‚Äôt in your control). I have always felt genuinely happy for my peeps‚Ä¶

Yes I was lucky - so f‚Äôking what? 

<<rant end>>

",158,https://www.reddit.com/gallery/1n2jmwj,NEGATIVE,0.9862828850746155,neutral,0.4313275218009949
$TH - Prepare Your Backdoors for this Sneaky AI/Critical Minerals 10 Bagger,"**TL;DR** Target Hospitality Corp. (**$TH**) now has booked contracts serving the AI datacenter infrastructure AND critical minerals industries, which are everyone‚Äôs two favorite dragons to chase right now. Calls are cheap, with an IV around 40%. With recent announcements,  $TH stock price is lower than it was in January, it has a $900 million market cap, but options are priced like a boring big-cap boomer stock.

There‚Äôs big upside on calls if market wakes up to this new reality and it makes a run to the most recent analyst target of $11. If that happens, calls are anywhere from a 3 to 10 bagger depending on how you play it. There‚Äôs even more upside if $TH picks up some heat and IV expands. And if it really runs, things will get silly quickly. We're talking 20 or 30 bagger potential  



I‚Äôm long a bunch of September and October 10c.

**The Setup**

I love a good setup, like my [Gambling on Peace play](https://www.reddit.com/r/wallstreetbets/comments/1mr7gal/gambling_on_peace/), betting on the coincidence that $KIEV ticker going live the same day that Trump met with Putin would result in the stock popping. That setup was based on $KIEV being a proxy for geopolitical progress, and it did in fact go on a nice run the following week, as I expected.

But, unlike that play, $TH is primed for a run based on business fundamentals, the market mispricing options, and $TH having mostly unnoticed exposure to hot sectors. Allow me to explain.

We all know anything within a whiff of AI infrastructure or critical minerals has gone on an absolute tear this year. (Looking at you APLD, MP, UUUU, and a bunch of small caps I can‚Äôt mention here.) That‚Äôs because there‚Äôs been an absolute stampede by giant tech companies to build a fuck ton of data centers, and the Trump administration has a giant boner for building out critical mineral supply chains in the US.

$TH just happens to have large service contracts supporting the buildout on both of these initiatives. And I think there‚Äòs more in the works. That combined with the $TH having underpriced options means we‚Äôve got the setup for multi-bagger in a conservative bull case, and a 10+ bagger if it really gains traction. (Sept and Oct 10c have been filling for .1 and .2, respectively. Sometimes lower.)

Ask ChatGPT ‚Äúoption low IV good?‚Äù if you‚Äôre not familiar with options pricing.

**The Backdoor AI Datacenter Play**

On August 18^(th), $TH announced a $43 million dollar contract supporting the buildout of a datacenter in the Southwest US. This puts them firmly in the picks-and-shovels-for-AI-infrastructure business. Analyst Stephen Gengaro from Stifel called $TH a ‚Äú**back door data center play**‚Äù along with his recent price target of $11.

I think there‚Äôs going to be a lot more datacenter revenue in the future. But don‚Äôt listen to me, here‚Äôs $TH CEO Brad Archer on the datacenter contract and landscape:

>""We are excited to announce this contract and the continued progress on our strategic initiatives. This contract broadens our customer reach and further illustrates our ability to deliver comprehensive hospitality solutions across diverse commercial end‚Äëmarkets. Our unique capabilities provide a critical solution supporting this **growing end‚Äëmarket demand**, and we believe there are **additional opportunities to participate in the rapidly expanding technology infrastructure** **transformation**..""

**Translation:** They‚Äôre about to be tits deep in an overflowing pool of that sweet AI infrastructure revenue.

**Why settle for one backdoor when you can have two?**

What if you‚Äôre a greedy little regard who isn‚Äôt satisfied by one backdoor? Well, fellow degenerate, I have good news for you! $TH is also a backdoor play into the critical minerals boom. A picks-and-shovels-for-picks-and-shovels play, if you will. (I‚Äôll see myself out.)

In February of this year, $TH announced a $143 million contract partnering with Lithium Americas at the Thacker Pass lithium project. And they see this as just the beginning for their critical minerals business. Here‚Äôs $TH CEO Brad Archer again, this time on this contract:

>‚ÄúWe are excited to announce this partnership with Lithium Americas and support the critical development of a domestic lithium supply chain. This marks a significant milestone in Target's commitment to strategic diversification, while simultaneously expanding our geographic presence. We believe the establishment of **this community will provide opportunities to pursue additional value‚Äëenhancing growth initiatives supporting an expanding number of large, critical mineral development projects** in the region.‚Äù

**Translation:** Strap on your hardhats boys, we‚Äôre about to be digging up more critical minerals tendies!

**The Company**

At this point you may be feeling that tingle in your jingles telling you to FOMO your life savings into short-dated calls (please don‚Äôt). But first, maybe you‚Äôre wondering, ‚Äúwhat the fuck does this company even do?‚Äù That‚Äôs a great question, and I applaud the incredible depth of your DD skills.

$TH describes themselves as, ‚Äúthe largest US provider of accommodations, culinary and hospitality services.‚Äù Which is just as vague and corporate-y as you would expect from a public company‚Äôs website. What they really do, is build temporary living environments for people. The also providing the things people need to live in those environments, like food, water, laundry service, cages, etc.

Think of it this way. Remember when the Death Star got blown up at the end of A New Hope? And then the Empire went all-out rebuilding a new Death Star that showed up in Return of the Jedi? Well, they would have needed to bring in a bunch of outside contractors to rebuild the Death Star so quickly. If they operated in the Star Wars Universe, $TH would be the company providing the space pods for the contractors to live in, cooking up their protein goop dinners, cleaning their space suits, etc. And if the Empire won, they probably would have built the cages they kept the Ewoks in until they got deported. But that's pure speculation on my part.

**Wait, so are these guys kind of‚Ä¶evil?**

I‚Äôd consider them sort of evil adjacent. But this isn‚Äôt a UNICEF convention, it‚Äôs a casino. And, they‚Äôre doing less evil stuff since they had their migrant camp contracts cancelled. By revenue, I calculate that they‚Äôre now about **78% less evil** than before. And that‚Äôs why they‚Äôve moved on from habitats (cages) for migrant children and families, to building worker camps (unlocked cages) for nerds building data centers and guys swinging pickaxes in mines. (OK I don‚Äôt really know how mining works.)

While we're on the topic of cancelled government contracts, you may notice the stock took an absolute nosedive earlier this year. Their biggest government contract was cancelled in February, causing the drop. That shakeup forced them to focus on non-government opportunities, and they've since replaced that lost revenue with critical minerals and data center contracts. They've also renewed a government contract that was cancelled in August 2024 (the Dilley Facility). However, stock price still hasn't fully rebounded to where it was in January.

How many companies have you seen that have AI and Critical Minerals exposure and the stock price is lower than it was in January? Well, now it's at least one. You're welcome.

$TH has been also been able to put those unused assets from their cancelled contracts back to work on new contracts. The $43 million dollar datacenter contract is only going to require about $6-9 million of Capex investment, because they‚Äôre reusing the assets from previous projects.

Lots of big potential projects with minimal Capex costs = rocket ship emoji.

**Conclusion**

Ok, this is mostly the TL;DR 2, electric boogaloo.

$TH has big upside due to their unique exposure to the critical minerals and AI  infrastructure sectors, with more opportunities coming. The stock is cheaper than it was in January. Options are also very cheap, so this is a multi-bagger (or more) on relatively small moves in the stock price. And they‚Äôre 78% less evil, if you care about that sort of thing.

Remember, play it with options while they‚Äôre still cheap. If IV triples maybe sit this one out. Or, do whatever you want. Maybe FOMO your life savings into it. I don't really care.  I‚Äôm not a financial advisor and this isn‚Äôt financial advice.

**Positions**

**Update -** added a shares position in my 401k. I like the short term and long term outlook here. 

https://preview.redd.it/z8maza8datlf1.jpg?width=1179&format=pjpg&auto=webp&s=18698c17e343d95cda5c29d26efe48dc02f040ee

https://preview.redd.it/nfuxgi93qrlf1.jpg?width=1179&format=pjpg&auto=webp&s=63acebd379178fc9631ee4223d9eb1ba386a0480",288,https://www.reddit.com/r/wallstreetbets/comments/1n2dcp4/th_prepare_your_backdoors_for_this_sneaky/,NEGATIVE,0.9975033402442932,neutral,0.8401285409927368
"Stay loyal, fellow regards","Decided to finally post.. the last 2 months I kept losing and losing after making a big gain in June, and today we hit a big milestone, the big 1.
This week has been glorious in terms of my timing and luck in the options market, so this is for all the regards who think it‚Äôs not possible to continue after losing. It just takes a few yolo bets and some massive balls and of course some cash to start.
Stay loyal üíé ",2019,https://www.reddit.com/gallery/1n20rhy,POSITIVE,0.9996812343597412,neutral,0.8609131574630737
Build-A-Bear Workshop Reports Record Second Quarter and First Half Fiscal 2025 Results and Increases Annual Guidance,,376,https://finance.yahoo.com/news/build-bear-workshop-reports-record-104500704.html,POSITIVE,0.994703471660614,neutral,0.670495867729187
"Sir, what does diversification mean? ...Obviously different expiries, #DIVERSIFIED (Rotated recent profits into shorter expiry NVO calls)",,56,https://i.redd.it/8tw9senz8tlf1.png,NEGATIVE,0.9968060255050659,neutral,0.7410383224487305
